event,activity,term,variable,value,se,p,n
cold,Car,coef,Diversity_medium,-0.08048114502869097,0.04977707339253884,0.10591463711181895,2374
cold,Car,coef,NatWalkInd_high,0.18120263575929688,0.06096829862496131,0.0029578999865116926,2374
cold,Car,coef,NatWalkInd_very_high,0.22838461952745356,0.05563665851540323,4.044363557328424e-05,2374
cold,Car,coef,SE,0.09616231972026916,0.028562644848061543,0.0007606892266471959,2374
cold,Car,coef,age_3150,-0.10850814727745485,0.07325013127648293,0.1385167296946317,2374
cold,Car,coef,age_5165,-0.23654038154394108,0.07705922104098374,0.0021435125347938973,2374
cold,Car,coef,age_65p,-0.2989300908502793,0.07603501377174178,8.442472898341419e-05,2374
cold,Car,coef,black,0.2274938475721319,0.0700959217449767,0.0011725905469826747,2374
cold,Car,coef,cold_imp_2,-0.046951198139472,0.06865928319662529,0.4940832515251887,2374
cold,Car,coef,cold_imp_3,-0.04632824354392538,0.07071381449397267,0.5123703817380687,2374
cold,Car,coef,cold_imp_4,0.035754041782719355,0.08493263600044022,0.6737774183849068,2374
cold,Car,coef,cold_imp_5,0.21347457571903428,0.10931212677796504,0.050832613052200805,2374
cold,Car,coef,dis_yes,0.039904580283442986,0.059843148525710314,0.5048874151243419,2374
cold,Car,threshold,threshold_1,-0.6100310285514661,,,2374
cold,Car,threshold,threshold_2,1.0240518744706721,,,2374
cold,Delivery,coef,CR,0.05927317241932398,0.02836139712944628,0.03662460231279813,2374
cold,Delivery,coef,EmpDens_medium,0.10046397711903018,0.049702504484463624,0.04324808472847646,2374
cold,Delivery,coef,NetworkDensity_high,-0.07443048195312169,0.050863795313140565,0.1433772942622287,2374
cold,Delivery,coef,PR,0.09973966546430482,0.029309724387746497,0.0006666132276856481,2374
cold,Delivery,coef,SE,0.06921990365608838,0.02896326780201644,0.016852026221687882,2374
cold,Delivery,coef,TransitAccess_high,0.23117131332005897,0.0740121717388705,0.0017876068289791153,2374
cold,Delivery,coef,age_65p,-0.22030725992359873,0.05612774799130779,8.669220000937369e-05,2374
cold,Delivery,coef,asian,-0.26888035074531486,0.1382167823547076,0.051732578217846596,2374
cold,Delivery,coef,child,0.232242092958761,0.05733371325784598,5.1063040972158204e-05,2374
cold,Delivery,coef,cold_imp_2,0.015210135858670499,0.06801558227316895,0.8230473783280683,2374
cold,Delivery,coef,cold_imp_3,-0.019261125529291004,0.07011695520514356,0.7835467537950516,2374
cold,Delivery,coef,cold_imp_4,0.016466517152004357,0.08452221927760496,0.8455348056870285,2374
cold,Delivery,coef,cold_imp_5,0.21806091737652958,0.10950704722685012,0.04644838279595538,2374
cold,Delivery,coef,dis_yes,0.08864138628862483,0.05945623976485613,0.13599623810610215,2374
cold,Delivery,threshold,threshold_1,-0.7891270421084505,,,2374
cold,Delivery,threshold,threshold_2,0.8038826345047952,,,2374
cold,Dine in,coef,NatWalkInd_high,0.16336585802966822,0.05748700903969735,0.0044861396412355465,2374
cold,Dine in,coef,NetworkDensity_medium,-0.0941990363908824,0.04937350931820748,0.05640592806791633,2374
cold,Dine in,coef,SE,0.12005957595303077,0.028410708278435958,2.3803366250516703e-05,2374
cold,Dine in,coef,age_65p,-0.18545970293234185,0.0539442562883666,0.0005860537838271803,2374
cold,Dine in,coef,black,0.3890459584660137,0.10283579249527083,0.0001548395026405873,2374
cold,Dine in,coef,cold_imp_2,-0.12279423825479095,0.06837777081170104,0.07252298628668383,2374
cold,Dine in,coef,cold_imp_3,-0.2342480565205846,0.0705222409573342,0.0008949662296894528,2374
cold,Dine in,coef,cold_imp_4,-0.1310524262496567,0.08481440478073278,0.1223058546737247,2374
cold,Dine in,coef,cold_imp_5,0.08881186771378027,0.10835727334300317,0.412432351030557,2374
cold,Dine in,coef,in50100,-0.19109692579308793,0.05190367589355479,0.00023162856709051143,2374
cold,Dine in,coef,white,0.2676226031283536,0.09061787237469582,0.003143868112527838,2374
cold,Dine in,threshold,threshold_1,-0.307222760100392,,,2374
cold,Dine in,threshold,threshold_2,1.2495839352886686,,,2374
cold,Home,coef,CR,0.06431058794514968,0.02841565164076651,0.02362274491902534,2434
cold,Home,coef,cold_imp_2,0.2829926240746217,0.06965116177009258,4.8446167291521954e-05,2434
cold,Home,coef,cold_imp_3,0.4301980279269427,0.0717144063915256,1.9882116784591025e-09,2434
cold,Home,coef,cold_imp_4,0.3059410943681653,0.08522519330243629,0.0003309363091227509,2434
cold,Home,coef,cold_imp_5,0.3977182340817741,0.11134058919830263,0.0003541481647306199,2434
cold,Home,coef,dis_yes,0.15780137455581741,0.06275154105712795,0.01191333097381284,2434
cold,Home,coef,in50100,0.06432464139643608,0.05367906879411918,0.2307929007147267,2434
cold,Home,threshold,threshold_1,-1.4190827774154275,,,2434
cold,Home,threshold,threshold_2,0.24622218513888194,,,2434
cold,Pick up,coef,NatWalkInd_high,0.07106591609399222,0.057051889018752695,0.21289787106268432,2374
cold,Pick up,coef,PR,0.08782300141363066,0.029078726688341452,0.0025262413843435425,2374
cold,Pick up,coef,SE,0.08206540844955855,0.028964086109742326,0.004606284567178048,2374
cold,Pick up,coef,child,0.12198041312542607,0.05436059751694741,0.02483804492755466,2374
cold,Pick up,coef,cold_imp_2,5.296499929984233e-05,0.06791987105922996,0.9993777969501106,2374
cold,Pick up,coef,cold_imp_3,-0.06793605022770037,0.06965959342075422,0.3294324801642694,2374
cold,Pick up,coef,cold_imp_4,-0.022293743003023513,0.08382651618360865,0.790276972390477,2374
cold,Pick up,coef,cold_imp_5,0.11542336856200756,0.10707992932069105,0.28107041304394087,2374
cold,Pick up,coef,female,-0.17117935285589994,0.048026600122098945,0.00036488230990995823,2374
cold,Pick up,threshold,threshold_1,-0.48655275974929435,,,2374
cold,Pick up,threshold,threshold_2,1.0274180120778102,,,2374
cold,Transit,coef,NatWalkInd_very_high,-0.052706374506521145,0.05481171146440185,0.33625577198932066,2374
cold,Transit,coef,NetworkDensity_medium,0.03051544325732547,0.05099801515738137,0.549596205892864,2374
cold,Transit,coef,child,-0.1526056537364186,0.05583196867250258,0.006270273517664197,2374
cold,Transit,coef,cold_imp_2,-0.08918499068835348,0.07082699092948806,0.20795991809664305,2374
cold,Transit,coef,cold_imp_3,-0.17922900916310866,0.07244768197906339,0.01336435436823375,2374
cold,Transit,coef,cold_imp_4,-0.21151204653812944,0.08704625631998898,0.015103779907030422,2374
cold,Transit,coef,cold_imp_5,0.09638169865269779,0.11020819464849334,0.3818231397980101,2374
cold,Transit,coef,dis_yes,0.02074448956314663,0.06091168803308364,0.7334298391945947,2374
cold,Transit,coef,sa_home,-0.1340992024025731,0.04968629065574881,0.0069565406486109226,2374
cold,Transit,coef,work_out,0.3049361700382089,0.12190332970504238,0.012368279459999984,2374
cold,Transit,threshold,threshold_1,-0.8400838471936991,,,2374
cold,Transit,threshold,threshold_2,1.1527181354153373,,,2374
cold,Usual,coef,NatWalkInd_very_high,0.1368596602792265,0.07459011288427907,0.06653190847347937,1027
cold,Usual,coef,PR,0.2322727296377132,0.041729578033836444,2.6044201330322186e-08,1027
cold,Usual,coef,ac_c,0.23444187943619693,0.09510629644762612,0.013699371771390476,1027
cold,Usual,coef,child,-0.1924127265579764,0.10456277696811594,0.06574406716829695,1027
cold,Usual,coef,cold_imp_2,-0.5690485017253456,0.0987688215178574,8.34100062567588e-09,1027
cold,Usual,coef,cold_imp_3,-0.845200031594584,0.10124440205913904,6.936032730931613e-17,1027
cold,Usual,coef,cold_imp_4,-1.0229130783399234,0.1262644292655257,5.434999784217154e-16,1027
cold,Usual,coef,cold_imp_5,-0.7676765954686001,0.17675621282090961,1.4046194513124304e-05,1027
cold,Usual,coef,hhsize1,-0.2491844569307336,0.10722844958577997,0.02013272268000154,1027
cold,Usual,coef,hhsize2,-0.25569709771634397,0.10211813853161618,0.012282087971025406,1027
cold,Usual,coef,in50,-0.15421715515850012,0.06954196215539794,0.026581234826123644,1027
cold,Usual,coef,work_out,0.339891134841724,0.17821769694377967,0.056498802322627044,1027
cold,Usual,threshold,threshold_1,-2.488361038267862,,,1027
cold,Usual,threshold,threshold_2,-1.57267037836895,,,1027
cold,Usual,threshold,threshold_3,-0.9680827435755793,,,1027
cold,Usual,threshold,threshold_4,0.09454973239536157,,,1027
cold,WFH,coef,TransitAccess_high,0.23656741101261214,0.09779517240198526,0.015562851294069388,1137
cold,WFH,coef,TransitAccess_medium,0.21804050384488477,0.1057797759421261,0.03927744627470745,1137
cold,WFH,coef,bs_grad,0.2006441067699548,0.07349416066420911,0.006332113075175042,1137
cold,WFH,coef,child,0.21633910215876784,0.0737961592715566,0.0033724606076863477,1137
cold,WFH,coef,cold_imp_2,0.06601592812777599,0.11257340282725209,0.5575895282495826,1137
cold,WFH,coef,cold_imp_3,0.2357337146437249,0.11313474387093578,0.0371916086056839,1137
cold,WFH,coef,cold_imp_4,0.11967625354645336,0.12684668220740122,0.3454396894651989,1137
cold,WFH,coef,cold_imp_5,0.19382126743021721,0.1563606343217416,0.2151313680765422,1137
cold,WFH,coef,tcom_no,-0.4681834177929296,0.07290674066037985,1.3478265412446348e-10,1137
cold,WFH,threshold,threshold_1,-1.418936629109873,,,1137
cold,WFH,threshold,threshold_2,0.5703265930835331,,,1137
cold,WFO,coef,CR,-0.021561836754425072,0.04107691902474506,0.599643198630323,1137
cold,WFO,coef,EmpDens_high,0.06007506873577856,0.0718519622506096,0.40310144254995206,1137
cold,WFO,coef,TransitAccess_medium,-0.2829495469446967,0.1020181562929899,0.005545318085897927,1137
cold,WFO,coef,black,0.452527642394191,0.13739092107246723,0.0009886986529953538,1137
cold,WFO,coef,cold_imp_2,-0.04371633499868342,0.1099670186276211,0.6909689846082377,1137
cold,WFO,coef,cold_imp_3,-0.16390545481780613,0.10989353760917413,0.13583207728059865,1137
cold,WFO,coef,cold_imp_4,-0.1507190193672873,0.12439038404821452,0.22564204375980923,1137
cold,WFO,coef,cold_imp_5,0.19945739988097197,0.15248264557547403,0.19085084513824924,1137
cold,WFO,coef,hhsize1,0.033775292184189495,0.0925814046890173,0.715247837927252,1137
cold,WFO,coef,hhsize2,-0.013929414695791559,0.08108146821413653,0.863598465112949,1137
cold,WFO,coef,hhveh0,-0.2083577895880578,0.12970199013939118,0.10817841151713842,1137
cold,WFO,coef,hispanic_c,0.23808227653871894,0.11213704355849756,0.033742395508311374,1137
cold,WFO,coef,in50,0.16876766911176566,0.07375895779806271,0.022131857882425138,1137
cold,WFO,coef,white,0.30025405052885806,0.12163506011219706,0.013568718283434216,1137
cold,WFO,coef,work_out,0.2790816642641097,0.1230039647727221,0.02327541228885544,1137
cold,WFO,threshold,threshold_1,-0.28640689540338643,,,1137
cold,WFO,threshold,threshold_2,1.468422026328456,,,1137
earthquake,Car,coef,NatWalkInd_low,0.08205892897281496,0.1372699931700894,0.5499786067302459,586
earthquake,Car,coef,age_3150,-0.2265262612296845,0.14201104443909487,0.11068287856147685,586
earthquake,Car,coef,age_5165,-0.48279458189060914,0.15375325293073921,0.0016891270116946896,586
earthquake,Car,coef,age_65p,-0.5957544915176307,0.1492524071015535,6.563163055406241e-05,586
earthquake,Car,coef,earthquake_imp_2,-0.19778628807535803,0.13002655568807983,0.1282291596745534,586
earthquake,Car,coef,earthquake_imp_3,0.08478112901441773,0.12588899267207065,0.5006550518908319,586
earthquake,Car,coef,earthquake_imp_4,0.2531517201746095,0.15564146978811214,0.10384214581260467,586
earthquake,Car,coef,earthquake_imp_5,0.2118962247629414,0.21551156890825673,0.32549702729696695,586
earthquake,Car,coef,edu_bs,-0.06986348117167153,0.11374697886249102,0.5390826694423939,586
earthquake,Car,coef,sa_home,-0.13449364629457766,0.09547444090002695,0.15892760871714517,586
earthquake,Car,coef,tcom_no,-0.15589696505761855,0.12314373040003755,0.20552179747239707,586
earthquake,Car,threshold,threshold_1,-0.9480831032874786,,,586
earthquake,Car,threshold,threshold_2,0.6255448480574064,,,586
earthquake,Home,coef,EmpDens_medium,-0.4652276915246565,0.19775166793803056,0.018643406978258472,176
earthquake,Home,coef,NatWalkInd_low,-0.6671360470496999,0.2909649819330841,0.02185723840591297,176
earthquake,Home,coef,PopDens_medium,0.36387554674356454,0.21517033168233404,0.09081681878385574,176
earthquake,Home,coef,ac_c,0.3432555885377153,0.19622184645857774,0.08023502685730714,176
earthquake,Home,coef,asian,1.4656415203993947,0.6249221344408822,0.01901082568061343,176
earthquake,Home,coef,earthquake_imp_2,0.30971508083912874,0.23088197659993057,0.17977656679369092,176
earthquake,Home,coef,earthquake_imp_3,0.28350898602129726,0.24835131320392106,0.25363518209895153,176
earthquake,Home,coef,earthquake_imp_4,0.179007993870423,0.29371221257686553,0.5422147304182882,176
earthquake,Home,coef,earthquake_imp_5,-0.39002382050744144,0.4371277741282284,0.37226315982587,176
earthquake,Home,threshold,threshold_1,-1.0307829363039773,,,176
earthquake,Home,threshold,threshold_2,0.6409644926664639,,,176
earthquake,Transit,coef,CR,-0.08466304132763454,0.05750191428514079,0.14092592855588038,586
earthquake,Transit,coef,NatWalkInd_high,-0.08296779020946657,0.11062549530399582,0.4532619525693462,586
earthquake,Transit,coef,PopDens_high,0.171292594955862,0.09550772061602703,0.07289385028191876,586
earthquake,Transit,coef,age_3150,0.00398939083928324,0.1089378494243407,0.9707873612634306,586
earthquake,Transit,coef,child,-0.13985540944824812,0.12006415007031511,0.24408415236016823,586
earthquake,Transit,coef,earthquake_imp_2,0.07227737947828547,0.12915966119321404,0.5757542430486993,586
earthquake,Transit,coef,earthquake_imp_3,0.2323163376657737,0.1274147407170245,0.06825672967976211,586
earthquake,Transit,coef,earthquake_imp_4,0.32499636963553674,0.15766926765421171,0.03927883780616673,586
earthquake,Transit,coef,earthquake_imp_5,0.25326099709188943,0.21799903504322904,0.24533587720741346,586
earthquake,Transit,coef,hhsize2,-0.10036818676973794,0.11108002732953864,0.36622533414519565,586
earthquake,Transit,threshold,threshold_1,-0.6237326313120609,,,586
earthquake,Transit,threshold,threshold_2,1.1298414620790331,,,586
earthquake,Usual,coef,Diversity_medium,0.01573490982087507,0.09296283911180665,0.8655919708985079,586
earthquake,Usual,coef,NatWalkInd_high,-0.08403693440365166,0.10283810747276868,0.41382729412293573,586
earthquake,Usual,coef,PR,0.15593471179220397,0.05549584803046942,0.004956541795104615,586
earthquake,Usual,coef,TransitAccess_high,0.0032319989511723516,0.11729354549341955,0.9780172407434764,586
earthquake,Usual,coef,age_3150,0.375059059803048,0.09340961754550389,5.939334780968024e-05,586
earthquake,Usual,coef,black,-0.1790372178285685,0.12669229620019917,0.15760698505465276,586
earthquake,Usual,coef,bs_grad,-0.06900857520973487,0.09326097988755327,0.45932959766339776,586
earthquake,Usual,coef,dis_yes,-0.07484851542318317,0.11038090447234428,0.49771274734321314,586
earthquake,Usual,coef,earthquake_imp_2,-0.24601678451418024,0.11867148167633418,0.03816380838535542,586
earthquake,Usual,coef,earthquake_imp_3,-0.33402009761924645,0.11735681873826358,0.004424543854199405,586
earthquake,Usual,coef,earthquake_imp_4,-0.12752466240144458,0.1452444533569558,0.37994359783280585,586
earthquake,Usual,coef,earthquake_imp_5,-0.06367993368991005,0.2027088065913916,0.7534110044106348,586
earthquake,Usual,coef,female,-0.3203608461072027,0.09139341253517869,0.00045610208559317855,586
earthquake,Usual,threshold,threshold_1,-1.5396543720369178,,,586
earthquake,Usual,threshold,threshold_2,-0.8575841823601531,,,586
earthquake,Usual,threshold,threshold_3,-0.1711389600386669,,,586
earthquake,Usual,threshold,threshold_4,0.759661598545955,,,586
earthquake,WFH,coef,Diversity_high,0.12522547816383456,0.14268590285160787,0.38014435600062124,326
earthquake,WFH,coef,EmpDens_medium,-0.04352642054978596,0.15464361365287566,0.7783554761163624,326
earthquake,WFH,coef,NatWalkInd_high,0.05999153413587142,0.17260300047838195,0.7281635345489557,326
earthquake,WFH,coef,NatWalkInd_low,-0.21545304054601452,0.20328966114440716,0.28922069482403745,326
earthquake,WFH,coef,PopDens_medium,-0.3737602873410541,0.1538214708960073,0.015105835121769091,326
earthquake,WFH,coef,SE,0.11013101748615939,0.0899625135111469,0.22088136529698232,326
earthquake,WFH,coef,TransitAccess_high,-0.2683245957259649,0.1726567240277746,0.1201622491895286,326
earthquake,WFH,coef,age_65p,0.028826662087340565,0.21661752524771083,0.8941330261880821,326
earthquake,WFH,coef,earthquake_imp_2,0.18089058079997647,0.19210572894472627,0.34638726825096877,326
earthquake,WFH,coef,earthquake_imp_3,0.36218426115061314,0.18016330103937356,0.044398286159689,326
earthquake,WFH,coef,earthquake_imp_4,0.3823274868861657,0.22553671017740712,0.09003945801325097,326
earthquake,WFH,coef,earthquake_imp_5,0.10001249123765871,0.27279428745283346,0.7139007112499438,326
earthquake,WFH,coef,hhsize1,0.18818435392354704,0.18804731982043324,0.3169579778753845,326
earthquake,WFH,coef,hhsize2,-0.020170372004025723,0.17493264685681242,0.9082044484725273,326
earthquake,WFH,coef,in50,0.0917406081468302,0.16878233611652793,0.5867553779602714,326
earthquake,WFH,coef,in50100,-0.0663241331062265,0.16585241653413269,0.6892312748576952,326
earthquake,WFH,coef,sa_home,-0.11520188524527644,0.1370646413138716,0.4006319688514518,326
earthquake,WFH,coef,work_out,-0.10743435296935686,0.23210452917147098,0.6434571521761223,326
earthquake,WFH,threshold,threshold_1,-1.26776106930257,,,326
earthquake,WFH,threshold,threshold_2,0.608302791737023,,,326
flooding,Car,coef,NatWalkInd_low,0.06175485262073529,0.10246838621607415,0.5467267473316111,1041
flooding,Car,coef,PR,-0.11075278056755834,0.04405629346930854,0.01194068645758996,1041
flooding,Car,coef,PopDens_high,0.03024365549256709,0.07756453405276806,0.6965986370954648,1041
flooding,Car,coef,SE,0.13310189897248437,0.044293319850852546,0.002655715288114266,1041
flooding,Car,coef,asian,0.5111775120376019,0.2452419105911092,0.03712554946085687,1041
flooding,Car,coef,black,0.38451311559191864,0.1644203458502233,0.019356240974129114,1041
flooding,Car,coef,flooding_imp_2,-0.05776148708004418,0.0947721780504669,0.5422081433431833,1041
flooding,Car,coef,flooding_imp_3,-0.01983369574486536,0.10036398966865379,0.8433442247297808,1041
flooding,Car,coef,flooding_imp_4,0.07798334241718424,0.12754010065447696,0.5409071698103629,1041
flooding,Car,coef,flooding_imp_5,0.28953017117716245,0.15189452308416979,0.05663379912579139,1041
flooding,Car,coef,in50100,-0.024547803074165597,0.077187398186718,0.7504632142128019,1041
flooding,Car,coef,tcom_no,-0.05012126780746144,0.08454316757280343,0.5532827226633543,1041
flooding,Car,coef,white,0.2103242565128495,0.14931569920301174,0.1589571195648981,1041
flooding,Car,coef,work_out,0.6114122778560414,0.15724973726963473,0.00010100666788026618,1041
flooding,Car,threshold,threshold_1,0.021540189858804206,,,1041
flooding,Car,threshold,threshold_2,1.5265832967974964,,,1041
flooding,Home,coef,TransitAccess_high,0.22014204935777354,0.10817777955255956,0.04185062373410458,1041
flooding,Home,coef,TransitAccess_medium,-0.059315133164060105,0.12341539078591811,0.6307910446682296,1041
flooding,Home,coef,flooding_imp_2,0.24028366252375147,0.09627070595951213,0.012563210074375358,1041
flooding,Home,coef,flooding_imp_3,0.20878689689178162,0.10048728265948345,0.03773289985983089,1041
flooding,Home,coef,flooding_imp_4,0.12002929337927676,0.12828759660942057,0.3494654518046294,1041
flooding,Home,coef,flooding_imp_5,0.283615559415846,0.15632736177398937,0.069640581033527,1041
flooding,Home,coef,hhsize2,-0.07506181200728095,0.07713207332589694,0.3304740225045921,1041
flooding,Home,coef,tcom_no,0.1086007538533825,0.08643282879574199,0.20894353070972072,1041
flooding,Home,coef,work_out,-0.18286956038912894,0.158813748456612,0.2495381705674855,1041
flooding,Home,threshold,threshold_1,-1.4056830490371364,,,1041
flooding,Home,threshold,threshold_2,0.2307311017759739,,,1041
flooding,Transit,coef,CR,0.0948207901971793,0.0436334125575043,0.02977103037780777,1041
flooding,Transit,coef,EmpDens_high,0.19359370649843394,0.10407183538921272,0.06285821581541363,1041
flooding,Transit,coef,EmpDens_medium,0.11406529319010299,0.0971845848358411,0.24051625762280993,1041
flooding,Transit,coef,TransitAccess_high,-0.19954057318912227,0.11563619771043541,0.08442134480060054,1041
flooding,Transit,coef,TransitAccess_medium,0.02045801294083056,0.1246453928707662,0.8696290289811343,1041
flooding,Transit,coef,child,0.1219684618044259,0.0803719673559307,0.12912793386775695,1041
flooding,Transit,coef,dis_yes,-0.11010963433398313,0.09474841806214497,0.24518414087834006,1041
flooding,Transit,coef,flooding_imp_2,-0.06516630083639982,0.09581475613880813,0.4964234009681452,1041
flooding,Transit,coef,flooding_imp_3,-0.03353662072128065,0.10024363622572477,0.7379637229763902,1041
flooding,Transit,coef,flooding_imp_4,0.05192083645408014,0.12830448503481956,0.6857208961152829,1041
flooding,Transit,coef,flooding_imp_5,-0.03060979847412698,0.15461319946865723,0.8430633570383457,1041
flooding,Transit,coef,hhveh0,0.14119346516635406,0.11509105476566048,0.219898557482892,1041
flooding,Transit,coef,in50100,-0.04266919510473211,0.08017316028193625,0.594578506498879,1041
flooding,Transit,coef,rural,-0.019614399522825916,0.1437772067565576,0.8914875430024856,1041
flooding,Transit,coef,sa_home,0.07825712456069321,0.07801372545362725,0.3158029889595678,1041
flooding,Transit,coef,work_out,0.2406708901306546,0.15685020789903018,0.12493138556998173,1041
flooding,Transit,threshold,threshold_1,-0.6120335503675334,,,1041
flooding,Transit,threshold,threshold_2,1.285859466622656,,,1041
flooding,Usual,coef,CR,0.09295528906805631,0.04016268963228299,0.020642024871354494,1041
flooding,Usual,coef,EmpDens_medium,-0.03962895155245862,0.0706535634280106,0.5748718100008179,1041
flooding,Usual,coef,NetworkDensity_medium,-0.1196234372840101,0.06832044268165278,0.07996017590261997,1041
flooding,Usual,coef,PR,0.1322980526047207,0.041064284139422945,0.001274189690939314,1041
flooding,Usual,coef,age_65p,-0.2080348032808504,0.08563530924839366,0.015127547612401773,1041
flooding,Usual,coef,child,0.11709340995538303,0.09233465138658625,0.20474739793274943,1041
flooding,Usual,coef,flooding_imp_2,-0.47183996442904824,0.08814469331705849,8.650013872467542e-08,1041
flooding,Usual,coef,flooding_imp_3,-0.5499366872483882,0.09242081069912828,2.675605588545753e-09,1041
flooding,Usual,coef,flooding_imp_4,-0.6833617984609388,0.11923695031758492,9.976704588201048e-09,1041
flooding,Usual,coef,flooding_imp_5,-0.6493950877620206,0.14474758614295116,7.243782484417529e-06,1041
flooding,Usual,coef,hhsize1,0.09204083359222519,0.10542813376671066,0.3826523613943206,1041
flooding,Usual,coef,hhsize2,0.043509527621478056,0.09144801569409564,0.634228075631863,1041
flooding,Usual,coef,sa_home,0.05442146374253334,0.06761811897097973,0.4209146031057609,1041
flooding,Usual,coef,tcom_no,-0.2417742327095215,0.07943654401598087,0.0023375431637251364,1041
flooding,Usual,threshold,threshold_1,-1.7191496898597485,,,1041
flooding,Usual,threshold,threshold_2,-1.020612154422908,,,1041
flooding,Usual,threshold,threshold_3,-0.3515468848241805,,,1041
flooding,Usual,threshold,threshold_4,0.595748248330144,,,1041
flooding,WFH,coef,CR,0.1411119246862802,0.060385461552614865,0.019446848111241564,558
flooding,WFH,coef,NetworkDensity_high,0.19212928122659712,0.10283186828388625,0.061708750075117606,558
flooding,WFH,coef,black,-0.12348657952484637,0.20247514746997985,0.5419379104015721,558
flooding,WFH,coef,dis_yes,0.14605174335634588,0.1622589319387259,0.3680589072225371,558
flooding,WFH,coef,flooding_imp_2,0.17649438816488666,0.13947322478250002,0.2057152093589204,558
flooding,WFH,coef,flooding_imp_3,0.22736776720127053,0.14262446932878733,0.11089778029742856,558
flooding,WFH,coef,flooding_imp_4,0.3362222129132753,0.17186712644188054,0.05043081511582863,558
flooding,WFH,coef,flooding_imp_5,0.6255467023019913,0.21530131022320337,0.0036672810003156994,558
flooding,WFH,coef,in50100,0.020317564390201093,0.10512063724944129,0.8467408238578183,558
flooding,WFH,coef,white,-0.04069302814885336,0.17949358309579266,0.8206490863875632,558
flooding,WFH,threshold,threshold_1,-1.0966054335904223,,,558
flooding,WFH,threshold,threshold_2,0.8134513707016489,,,558
heat,Car,coef,PR,0.06534990520514893,0.02858788404018435,0.02225834700412733,2564
heat,Car,coef,PopDens_high,0.11713081511591572,0.048743140448273305,0.016260230818618205,2564
heat,Car,coef,SE,0.0651944097079023,0.028754337192344964,0.023372540291117978,2564
heat,Car,coef,age_5165,-0.09192904797697261,0.05419372193272361,0.08982825110688766,2564
heat,Car,coef,black,0.30191054655123695,0.10538054078698655,0.004170680142566479,2564
heat,Car,coef,bs_grad,0.12245840425880566,0.0713516529309252,0.08611339826552916,2564
heat,Car,coef,child,0.1167018874391354,0.05781587626197732,0.04353824025707486,2564
heat,Car,coef,edu_bs,-0.1482468131887115,0.08017510205631587,0.06445232074008574,2564
heat,Car,coef,heat_imp_2,0.06239924328225619,0.07205632760965516,0.3865018549836088,2564
heat,Car,coef,heat_imp_3,0.15350494210065657,0.07202122392766347,0.03305745389813706,2564
heat,Car,coef,heat_imp_4,0.16657998495967496,0.08650057993546023,0.05413344101425866,2564
heat,Car,coef,heat_imp_5,0.16613048198232666,0.10122551802121284,0.10075762405010232,2564
heat,Car,coef,hhsize1,0.10371631786831215,0.05392126490132326,0.05442016060609933,2564
heat,Car,coef,hispanic_c,0.1905894227028082,0.08680369393499265,0.028117918760572475,2564
heat,Car,coef,tcom_no,0.12005341841311054,0.054598957899840816,0.0278905442739428,2564
heat,Car,coef,white,0.17667594758250293,0.0915889587200418,0.053729715241530945,2564
heat,Car,coef,work_out,0.22102619893837874,0.11535097145461537,0.05534993840448435,2564
heat,Car,threshold,threshold_1,-0.4771382697819104,,,2564
heat,Car,threshold,threshold_2,1.4020983954212285,,,2564
heat,Delivery,coef,CR,0.07752683907863656,0.028878724690895464,0.0072624067987717,2565
heat,Delivery,coef,EmpDens_high,0.1555143047358075,0.05766524204623132,0.006999953461464214,2565
heat,Delivery,coef,EmpDens_medium,0.12957025548226664,0.05668833417428414,0.022274159555376077,2565
heat,Delivery,coef,NetworkDensity_medium,0.11892146330925675,0.04912429848777355,0.015485214360688261,2565
heat,Delivery,coef,PR,0.07072919160260352,0.02889555397177855,0.014374998797991654,2565
heat,Delivery,coef,SE,0.05468658027762633,0.0286879106780388,0.05661664538564575,2565
heat,Delivery,coef,age_65p,-0.2546375608507514,0.05462334180242505,3.136101027707591e-06,2565
heat,Delivery,coef,black,0.27363383677203507,0.07045041198740538,0.00010272528208556642,2565
heat,Delivery,coef,child,0.13385070512704508,0.05691753693703478,0.018689840694942415,2565
heat,Delivery,coef,heat_imp_2,0.16249495298178446,0.07234849895924873,0.024703809309027068,2565
heat,Delivery,coef,heat_imp_3,0.13850932709034092,0.07227330340749352,0.05530580973513428,2565
heat,Delivery,coef,heat_imp_4,0.3338279779561335,0.08715931354122339,0.0001280966220459921,2565
heat,Delivery,coef,heat_imp_5,0.4316641064080075,0.10197233380110293,2.304414827574829e-05,2565
heat,Delivery,coef,hhveh0,0.12412815783124144,0.07353105040100297,0.0913910122003026,2565
heat,Delivery,threshold,threshold_1,-0.8139474439747051,,,2565
heat,Delivery,threshold,threshold_2,1.0912184711633723,,,2565
heat,Dine in,coef,Diversity_high,-0.1369366679413848,0.048617996913395904,0.004853736192112935,2565
heat,Dine in,coef,SE,0.06285287519174436,0.028254893154856964,0.026115142738632014,2565
heat,Dine in,coef,TransitAccess_high,-0.13708426106711222,0.07177513796329879,0.05614443032760396,2565
heat,Dine in,coef,age_65p,-0.11852362334427154,0.051439269930372365,0.021214410784950465,2565
heat,Dine in,coef,asian,-0.25537842540076044,0.13011691427877226,0.04968286799771893,2565
heat,Dine in,coef,bs_grad,-0.1048941783518276,0.05228780724525359,0.04484637909828651,2565
heat,Dine in,coef,heat_imp_2,0.0841573522922833,0.0709251013274948,0.23539863940131833,2565
heat,Dine in,coef,heat_imp_3,-0.0049766459919890005,0.07097778932220558,0.9441016983971362,2565
heat,Dine in,coef,heat_imp_4,-0.10408650416855139,0.0856018620602571,0.2240087759401994,2565
heat,Dine in,coef,heat_imp_5,0.24083950093704984,0.10053644063988054,0.016595707035344277,2565
heat,Dine in,coef,hhsize2,-0.130319083631232,0.049174982470121496,0.008046570898590268,2565
heat,Dine in,coef,in50,-0.14376718336678285,0.06849905216674818,0.03583276763049455,2565
heat,Dine in,coef,in50100,-0.13631207636250525,0.06744743706593503,0.043278527985533784,2565
heat,Dine in,coef,sa_home,-0.08505090650370535,0.04800437474791066,0.07643898719518202,2565
heat,Dine in,coef,work_out,0.2956259941895258,0.11371788525793107,0.009332057316548339,2565
heat,Dine in,threshold,threshold_1,-1.0923981756621701,,,2565
heat,Dine in,threshold,threshold_2,0.6737996077100354,,,2565
heat,Home,coef,CR,0.09623893677748656,0.02826130386527031,0.0006608524977408842,2564
heat,Home,coef,NatWalkInd_high,0.13836564709770818,0.06337235759093636,0.029008175451160776,2564
heat,Home,coef,NatWalkInd_low,0.14766269537186139,0.07279714261619329,0.04251807948991583,2564
heat,Home,coef,NatWalkInd_very_high,0.2490506444036838,0.06125226896611652,4.78305562080506e-05,2564
heat,Home,coef,NetworkDensity_medium,0.09178096505560475,0.05014828839053495,0.06722132654955343,2564
heat,Home,coef,ac_c,0.20563438210667856,0.06763661209453466,0.0023635663884226926,2564
heat,Home,coef,child,-0.15765503878569165,0.07057205374991908,0.025485804309086563,2564
heat,Home,coef,dis_yes,0.14626971765416835,0.05946343147391644,0.013900424110895185,2564
heat,Home,coef,edu_bs,0.10243879567906469,0.05714412057830875,0.07303061989918533,2564
heat,Home,coef,heat_imp_2,0.28377904639078333,0.07177000646860471,7.685343506942369e-05,2564
heat,Home,coef,heat_imp_3,0.298103336862964,0.07175500057159366,3.260555110091933e-05,2564
heat,Home,coef,heat_imp_4,0.4891148466572814,0.08842720530829955,3.17918500248067e-08,2564
heat,Home,coef,heat_imp_5,0.41115740402769285,0.10379875434966493,7.46048017106046e-05,2564
heat,Home,coef,hhsize1,-0.16526072336524075,0.07299510345497434,0.02357427559216739,2564
heat,Home,coef,hhsize2,-0.17576806419470628,0.06829507685902404,0.010063014304328094,2564
heat,Home,coef,in50,0.09553748759463453,0.049954134378225164,0.05581156522823689,2564
heat,Home,coef,work_out,-0.23649623145691737,0.11465991883281096,0.03915174007415239,2564
heat,Home,threshold,threshold_1,-1.020107596896045,,,2564
heat,Home,threshold,threshold_2,0.7112014654837293,,,2564
heat,Pick up,coef,Diversity_high,-0.12111865528936272,0.04854905276377256,0.012603927303355958,2564
heat,Pick up,coef,EmpDens_medium,-0.08368648277631552,0.04795897723949248,0.08099188331663724,2564
heat,Pick up,coef,PR,0.05524311010821781,0.028192386330029375,0.05005372415271286,2564
heat,Pick up,coef,SE,0.06631382884195387,0.028037134473205005,0.01801964499995293,2564
heat,Pick up,coef,ac_c,-0.11824634821487269,0.06583746908701939,0.07248907297236545,2564
heat,Pick up,coef,age_3150,-0.13091330908307872,0.07166551214837084,0.06774086208944986,2564
heat,Pick up,coef,age_5165,-0.20821460934094244,0.0735201992501847,0.004624721410836749,2564
heat,Pick up,coef,age_65p,-0.25102802782999567,0.0716008997874376,0.0004550080590263863,2564
heat,Pick up,coef,heat_imp_2,-0.03747592504197599,0.07117374018872101,0.5985120537399773,2564
heat,Pick up,coef,heat_imp_3,0.03146420484003104,0.07111449443936234,0.6581677064956046,2564
heat,Pick up,coef,heat_imp_4,0.016270954269519248,0.0856212450518332,0.8492824275230064,2564
heat,Pick up,coef,heat_imp_5,0.011559507595958666,0.10003952290703134,0.9080096611989654,2564
heat,Pick up,coef,hhveh0,-0.13536421756308273,0.07107534909166076,0.05684287208302752,2564
heat,Pick up,coef,work_out,0.20130217704877082,0.11340731744233612,0.07589178896958318,2564
heat,Pick up,threshold,threshold_1,-1.1095117299222865,,,2564
heat,Pick up,threshold,threshold_2,0.6600939924724101,,,2564
heat,Transit,coef,PR,-0.056947034721101346,0.02921686673821198,0.051281686564807305,2565
heat,Transit,coef,TransitAccess_high,-0.13055729986470174,0.0729032220602283,0.07332052951433259,2565
heat,Transit,coef,age_3150,-0.14074671467779037,0.07391971221826606,0.05690387236936253,2565
heat,Transit,coef,age_5165,-0.12813326563491573,0.07559654408950427,0.09008263952647,2565
heat,Transit,coef,age_65p,-0.1385217951464179,0.07567646437234325,0.06718305017749697,2565
heat,Transit,coef,heat_imp_2,-0.08853539420607992,0.07419014988732289,0.23272927385377074,2565
heat,Transit,coef,heat_imp_3,-0.11692860962568945,0.07391947809160625,0.11368664958992981,2565
heat,Transit,coef,heat_imp_4,-0.12486643701536397,0.08885741805071361,0.15994845514430667,2565
heat,Transit,coef,heat_imp_5,-0.13059517350973382,0.1032954325950269,0.2061266833595694,2565
heat,Transit,coef,hhveh0,0.31691318687372216,0.07338175065385956,1.569565709066849e-05,2565
heat,Transit,coef,in50100,0.11507459484964092,0.05168177104146442,0.025974066275421953,2565
heat,Transit,coef,tcom_no,-0.1780569277769274,0.05788389002334028,0.002097239246425726,2565
heat,Transit,coef,work_out,0.4769192314412402,0.11704486550757567,4.607959255484219e-05,2565
heat,Transit,threshold,threshold_1,-0.929781684116077,,,2565
heat,Transit,threshold,threshold_2,1.1836681303440453,,,2565
heat,Usual,coef,CR,0.08008043046692857,0.027085711981000994,0.0031109550300441944,2564
heat,Usual,coef,EmpDens_high,-0.09771827253964108,0.047691217875524564,0.04046423276374382,2564
heat,Usual,coef,NatWalkInd_low,-0.1607361572646006,0.061925694720555154,0.00944178276244451,2564
heat,Usual,coef,NetworkDensity_high,0.08265675431519341,0.04742753639819674,0.08136839466928812,2564
heat,Usual,coef,PR,0.18751703520429122,0.027066857469399994,4.270717827953992e-12,2564
heat,Usual,coef,PopDens_medium,0.09048941630643514,0.04740916361177159,0.056302040000248445,2564
heat,Usual,coef,SE,0.05402985693464276,0.02689913018382469,0.0445785294757546,2564
heat,Usual,coef,ac_c,0.22920195536940208,0.0618582952794373,0.00021116203993495973,2564
heat,Usual,coef,age_3150,0.08847135639776502,0.05169189247047853,0.08698641618393094,2564
heat,Usual,coef,age_65p,-0.191112537014413,0.054787065499573684,0.00048614161434026935,2564
heat,Usual,coef,dis_yes,-0.12231756935120831,0.05422990804676238,0.02409963650075589,2564
heat,Usual,coef,female,-0.09507665628754407,0.04449831722437341,0.032627701055623064,2564
heat,Usual,coef,heat_imp_2,-0.6614624161086708,0.06945121618876753,1.6642998296099578e-21,2564
heat,Usual,coef,heat_imp_3,-0.8989152826414647,0.06985184122342268,6.736798567927935e-38,2564
heat,Usual,coef,heat_imp_4,-1.110807776436652,0.0835628308542993,2.538919749267828e-40,2564
heat,Usual,coef,heat_imp_5,-1.0417656883814699,0.09801532566578831,2.1938095146792456e-26,2564
heat,Usual,coef,hhveh0,-0.13760145983945893,0.0669607479350253,0.03988315507231876,2564
heat,Usual,coef,tcom_no,0.09068402559953928,0.05333912018106989,0.08910440517834416,2564
heat,Usual,coef,work_out,0.30885202742418455,0.10897771198604268,0.00459572005113649,2564
heat,Usual,threshold,threshold_1,-2.1712340569786455,,,2564
heat,Usual,threshold,threshold_2,-1.4666537570713567,,,2564
heat,Usual,threshold,threshold_3,-0.8628854687551838,,,2564
heat,Usual,threshold,threshold_4,0.16120687733007488,,,2564
heat,WFH,coef,CR,0.1279121286672962,0.04517772014389097,0.004635777363814804,1213
heat,WFH,coef,NetworkDensity_high,0.19654217859967013,0.07219919425274592,0.006484471880444014,1213
heat,WFH,coef,SE,0.09810049794498976,0.04388017963264994,0.02537504375632997,1213
heat,WFH,coef,ac_c,0.17819206376665855,0.10483730973833966,0.08918721065944653,1213
heat,WFH,coef,age_65p,-0.24565880577234347,0.12373730196031488,0.04710828230931458,1213
heat,WFH,coef,black,0.16928186737968728,0.09041085371454453,0.06115650717497834,1213
heat,WFH,coef,edu_bs,0.15295668647545163,0.07903670966948377,0.05295823727135708,1213
heat,WFH,coef,heat_imp_2,-0.01604736718887123,0.11722817797202735,0.8911177304150173,1213
heat,WFH,coef,heat_imp_3,-0.038780510177345996,0.11460754200095971,0.7350794071460052,1213
heat,WFH,coef,heat_imp_4,0.267399217602773,0.13188060392820591,0.04260255669070129,1213
heat,WFH,coef,heat_imp_5,-0.012978588799893135,0.15196838451883005,0.9319408363421348,1213
heat,WFH,coef,hhsize2,-0.13609128263462253,0.07875147407240372,0.08396833934896794,1213
heat,WFH,coef,hispanic_c,0.24863565429365264,0.1124376334538458,0.02701364429285833,1213
heat,WFH,coef,tcom_no,-0.45589670764297524,0.07120208938612846,1.5249725730096685e-10,1213
heat,WFH,threshold,threshold_1,-1.473595802332563,,,1213
heat,WFH,threshold,threshold_2,0.7662107831415113,,,1213
heat,WFO,coef,asian,-0.2459946956721301,0.16738285524906424,0.14165578997060435,1271
heat,WFO,coef,child,0.14835400843444826,0.08993554612199318,0.09903312351815567,1271
heat,WFO,coef,edu_bs,-0.1781886329038944,0.07337454453517991,0.015162250530184485,1271
heat,WFO,coef,heat_imp_2,-0.04865407335510297,0.1106051391773016,0.6600169185228669,1271
heat,WFO,coef,heat_imp_3,-0.051676598949147126,0.10775705939158574,0.6315361791745292,1271
heat,WFO,coef,heat_imp_4,-0.1098896439124542,0.12397093325527293,0.37539416027258277,1271
heat,WFO,coef,heat_imp_5,0.28321362172286996,0.14244393560452792,0.04678446143987975,1271
heat,WFO,coef,hhsize1,0.29997588373240597,0.10218265240234288,0.0033281415241241718,1271
heat,WFO,coef,hhsize2,0.17035216069798875,0.09498557702627972,0.07290053185687366,1271
heat,WFO,coef,tcom_no,0.1727524460015663,0.06628604705692497,0.00915620589328239,1271
heat,WFO,coef,work_out,0.21257998066046366,0.11420733881999494,0.06269458052425982,1271
heat,WFO,threshold,threshold_1,-0.6715429012651412,,,1271
heat,WFO,threshold,threshold_2,1.2880887443092632,,,1271
powerout,Car,coef,Diversity_high,-0.09213820784801297,0.051124415652315944,0.0715084506769646,2300
powerout,Car,coef,EmpDens_medium,-0.05542987691439247,0.05168809361921088,0.28354418364418377,2300
powerout,Car,coef,age_65p,-0.10009368320420557,0.057242048843604613,0.08035947135488183,2300
powerout,Car,coef,black,0.08779850931108488,0.10054726989150886,0.3825506426859363,2300
powerout,Car,coef,child,0.2138246978282359,0.059207944094474815,0.00030452612884059765,2300
powerout,Car,coef,dis_yes,-0.09163826192250843,0.06235226448444151,0.1416467651304965,2300
powerout,Car,coef,female,-0.20594537380079958,0.0488758502198907,2.512846006142767e-05,2300
powerout,Car,coef,powerout_imp_2,0.0103256054135324,0.0657861344877394,0.8752786039947967,2300
powerout,Car,coef,powerout_imp_3,0.08515020392212808,0.06729084260094528,0.20572599613195197,2300
powerout,Car,coef,powerout_imp_4,0.15429908771507306,0.08648239829545783,0.07439644532042904,2300
powerout,Car,coef,powerout_imp_5,0.1910271025958022,0.10793542477330821,0.07675585099043382,2300
powerout,Car,coef,rural,-0.10555362068919498,0.0942907906811385,0.26294913711095946,2300
powerout,Car,coef,tcom_no,0.07367349227251811,0.05944901945807781,0.2152448651444402,2300
powerout,Car,coef,white,0.05831203863567436,0.08824974389823655,0.5087652367481114,2300
powerout,Car,threshold,threshold_1,-0.9745337225023586,,,2300
powerout,Car,threshold,threshold_2,0.7931184973296411,,,2300
powerout,Delivery,coef,Diversity_high,-0.08425004059580636,0.06055075101290311,0.1641055378917735,2300
powerout,Delivery,coef,Diversity_medium,-0.028176759894454416,0.05896271993222381,0.6327397783221893,2300
powerout,Delivery,coef,EmpDens_high,0.07475204825034343,0.06068075849480109,0.2179900009024367,2300
powerout,Delivery,coef,NatWalkInd_low,-0.14731244220867445,0.06656703509629205,0.026898066618402192,2300
powerout,Delivery,coef,PopDens_high,-0.03867896006217813,0.059855707008141426,0.518147652153419,2300
powerout,Delivery,coef,SE,0.08392589881184345,0.02933408711602201,0.004222582132555105,2300
powerout,Delivery,coef,TransitAccess_medium,0.027024843235141448,0.07101997899105228,0.7035561005937904,2300
powerout,Delivery,coef,powerout_imp_2,0.0034109642587223884,0.0650543127521919,0.9581840294109673,2300
powerout,Delivery,coef,powerout_imp_3,0.12448506914689322,0.0663068535332807,0.06046208874234999,2300
powerout,Delivery,coef,powerout_imp_4,0.1087966202551201,0.08486441127669364,0.19984080679049732,2300
powerout,Delivery,coef,powerout_imp_5,0.22197066538273222,0.10576138220839365,0.03583563854347609,2300
powerout,Delivery,threshold,threshold_1,-0.7183670472629745,,,2300
powerout,Delivery,threshold,threshold_2,0.9528571951810213,,,2300
powerout,Dine in,coef,Diversity_medium,-0.04158359118561637,0.04947854076914471,0.40066346971296485,2300
powerout,Dine in,coef,in50,-0.1121849795187501,0.04693139194239006,0.01682985569193363,2300
powerout,Dine in,coef,powerout_imp_2,0.015608925445864787,0.06438829427582861,0.8084557597466658,2300
powerout,Dine in,coef,powerout_imp_3,0.11421753592572964,0.06554871386651814,0.08142392001728287,2300
powerout,Dine in,coef,powerout_imp_4,0.2682052274631984,0.08398157761440808,0.0014050103614740908,2300
powerout,Dine in,coef,powerout_imp_5,0.25311441009632446,0.10472647208387564,0.015652906370280786,2300
powerout,Dine in,threshold,threshold_1,-0.49851421701437615,,,2300
powerout,Dine in,threshold,threshold_2,0.9693413109293751,,,2300
powerout,Home,coef,Diversity_high,0.03659255247345256,0.05813669303022549,0.5290723811599454,2300
powerout,Home,coef,Diversity_medium,0.08080637731900708,0.05764310347925851,0.16096319069627674,2300
powerout,Home,coef,EmpDens_medium,-0.04222386590589834,0.05047028388817766,0.40281269504821204,2300
powerout,Home,coef,PR,0.07085908100196711,0.029806726993473632,0.017440613259575074,2300
powerout,Home,coef,age_65p,0.14131198935855532,0.05145861612978497,0.006030307818425804,2300
powerout,Home,coef,dis_yes,0.19109918875975873,0.06233587192432568,0.0021720645426080406,2300
powerout,Home,coef,in50100,-0.10239094276769516,0.051415374338184425,0.04643187375863624,2300
powerout,Home,coef,powerout_imp_2,0.15382581017147842,0.06519370587090707,0.018298626782886723,2300
powerout,Home,coef,powerout_imp_3,0.17337543256704827,0.06673937276161508,0.009382357347068862,2300
powerout,Home,coef,powerout_imp_4,0.0791112625199085,0.08568930594060764,0.35588538441498074,2300
powerout,Home,coef,powerout_imp_5,0.213288668362796,0.1076558524375569,0.047567918850125436,2300
powerout,Home,threshold,threshold_1,-0.985462687386547,,,2300
powerout,Home,threshold,threshold_2,0.5448045450965183,,,2300
powerout,Pick up,coef,Diversity_medium,-0.03418123871913002,0.05064750185730364,0.49974883840553463,2300
powerout,Pick up,coef,NatWalkInd_low,-0.0955004547590936,0.06503260243666377,0.14196813034582914,2300
powerout,Pick up,coef,NetworkDensity_high,0.0021389656759381185,0.05948044795306423,0.9713135999300591,2300
powerout,Pick up,coef,NetworkDensity_medium,-0.13457456074298324,0.057138044220517804,0.01851008893865163,2300
powerout,Pick up,coef,TransitAccess_high,-0.14122265049672716,0.07910800665336201,0.07423085579841186,2300
powerout,Pick up,coef,female,-0.1246661132006043,0.04827159146513014,0.00980595220329646,2300
powerout,Pick up,coef,in50,-0.24534686189659335,0.06164779065628411,6.896863657127942e-05,2300
powerout,Pick up,coef,in50100,-0.17932065013129173,0.06552024973861305,0.006202609633317831,2300
powerout,Pick up,coef,powerout_imp_2,-0.017924612013254335,0.06435081248881176,0.780593847930319,2300
powerout,Pick up,coef,powerout_imp_3,0.06838185815644546,0.06554445526002062,0.29681411818617887,2300
powerout,Pick up,coef,powerout_imp_4,0.2005482708107809,0.0843016994333154,0.0173627331335433,2300
powerout,Pick up,coef,powerout_imp_5,0.11659825794122969,0.10492037195089346,0.26643821989259053,2300
powerout,Pick up,coef,rural,-0.12201701723590314,0.09418466869043289,0.19514495018981193,2300
powerout,Pick up,coef,white,0.07152119200863924,0.061438053196002144,0.24437587579551345,2300
powerout,Pick up,threshold,threshold_1,-0.9207632699232177,,,2300
powerout,Pick up,threshold,threshold_2,0.5787622462234022,,,2300
powerout,Transit,coef,EmpDens_high,0.12011250210514623,0.06266869984022193,0.055285376041702486,2299
powerout,Transit,coef,EmpDens_medium,0.07538841144702665,0.0637403403127986,0.2369112026948188,2299
powerout,Transit,coef,NatWalkInd_high,-0.07195895537748256,0.062188348086463806,0.2472261345843343,2299
powerout,Transit,coef,age_3150,-0.15577575893457604,0.07953951718997382,0.050174886884115824,2299
powerout,Transit,coef,age_5165,-0.22299771954988487,0.08008725202894143,0.005362112518618188,2299
powerout,Transit,coef,age_65p,-0.21490073445519475,0.07838181299652414,0.006111900974576591,2299
powerout,Transit,coef,hhveh0,0.4428561329299513,0.07930992569403512,2.35227664537803e-08,2299
powerout,Transit,coef,hispanic_c,-0.20134638083300305,0.09498920335132353,0.03403333724664255,2299
powerout,Transit,coef,in50,-0.09102944289485508,0.0517654296246792,0.0786626853663106,2299
powerout,Transit,coef,powerout_imp_2,-0.06938774809011372,0.0683116169992784,0.3097468956501268,2299
powerout,Transit,coef,powerout_imp_3,-0.0290642636565208,0.06972322137125789,0.6767866711222841,2299
powerout,Transit,coef,powerout_imp_4,0.042706065375450956,0.08936470390478723,0.63273194783141,2299
powerout,Transit,coef,powerout_imp_5,0.2085172869323725,0.11040038620596528,0.058927087054539674,2299
powerout,Transit,threshold,threshold_1,-0.928522260866141,,,2299
powerout,Transit,threshold,threshold_2,1.1731176503459781,,,2299
powerout,Usual,coef,Diversity_high,0.15990445863473993,0.09179936584145491,0.08152757729304866,892
powerout,Usual,coef,Diversity_medium,0.1537243917847486,0.08817339605476988,0.08125804104706974,892
powerout,Usual,coef,EmpDens_high,-0.18444141062105915,0.07954495109027403,0.02041094528573124,892
powerout,Usual,coef,NetworkDensity_medium,-0.133428743229376,0.07594532309519524,0.07893394634111339,892
powerout,Usual,coef,SE,0.12437610176570384,0.045335247768788646,0.0060792746923006985,892
powerout,Usual,coef,ac_c,0.19545228544582244,0.1070368992615901,0.06784617045240952,892
powerout,Usual,coef,age_3150,-0.36574684719592054,0.12363087732249457,0.0030926279807886614,892
powerout,Usual,coef,age_5165,-0.3343877899072022,0.12113198810951971,0.0057708674576995595,892
powerout,Usual,coef,age_65p,-0.6330125135328069,0.11955723163108876,1.1925103116666056e-07,892
powerout,Usual,coef,powerout_imp_2,-0.39327506584807737,0.09749446245507369,5.487747312809244e-05,892
powerout,Usual,coef,powerout_imp_3,-0.5337608004965829,0.10151136153522815,1.4552089090527678e-07,892
powerout,Usual,coef,powerout_imp_4,-0.8859059718611467,0.1357821503497922,6.824440062397489e-11,892
powerout,Usual,coef,powerout_imp_5,-0.9502058829980033,0.17400258656617923,4.738011130210137e-08,892
powerout,Usual,coef,work_out,0.3526992437906132,0.17395196441162353,0.04260447094133508,892
powerout,Usual,threshold,threshold_1,-2.0484910295759784,,,892
powerout,Usual,threshold,threshold_2,-1.257186943662147,,,892
powerout,Usual,threshold,threshold_3,-0.6202068449356043,,,892
powerout,Usual,threshold,threshold_4,0.3741284259307438,,,892
